date,TH100,VAX100,CC100,CD100,wave,evidence_rate,country_source_rate,neutral_frame_rate,moderate_frame_rate,dangerous_frame_rate,neutral_measure_rate,mitigation_measure_rate,suppression_measure_rate,source_rate,neutral_emotion_rate,negative_emotion_rate,positive_emotion_rate,evidence_full
2020-03-12,0,NA,0.005352745958676801,0,1,15.999999999999995,0,40.400000000000006,4,55.60000000000001,48,6.4,45.6,13.200000000000003,62.4,36.8,0.8,23.599999999999998
2020-03-13,0,NA,0,0,1,5.687203791469184,0,38.388625592417064,12.796208530805686,48.81516587677725,34.12322274881517,7.5829383886255926,58.29383886255924,12.322274881516588,71.56398104265402,26.066350710900476,2.3696682464454977,17.061611374407583
2020-03-14,0,NA,0,0,1,7.511737089201902,0,38.497652582159624,14.553990610328638,46.948356807511736,41.78403755868544,3.286384976525822,54.929577464788736,7.981220657276992,56.8075117370892,40.845070422535215,2.3474178403755865,15.023474178403756
2020-03-16,0.145985401459854,NA,0.021410983834707204,0,1,1.0204081632653053,0,39.795918367346935,16.3265306122449,43.87755102040816,27.55102040816326,0,72.44897959183673,8.163265306122442,62.244897959183675,37.755102040816325,0,8.16326530612245
2020-03-18,0.20437956204379565,NA,0.037469221710737605,0.7518796992481203,1,11.30434782608697,0,30.434782608695656,8.695652173913043,60.86956521739131,40.869565217391305,13.478260869565217,45.65217391304348,16.956521739130427,47.391304347826086,43.47826086956522,9.130434782608695,21.73913043478261
2020-03-19,0.291970802919708,NA,0.25157906005780967,0,1,14.432989690721657,0,36.08247422680412,14.948453608247423,48.96907216494845,49.48453608247423,6.185567010309279,44.329896907216494,12.371134020618559,54.63917525773196,39.69072164948454,5.670103092783505,26.288659793814436
2020-03-20,0.5547445255474452,NA,0.3961032009420833,0.7518796992481203,1,10.900473933649286,0,71.09004739336493,7.109004739336493,21.80094786729858,52.13270142180095,15.165876777251185,32.70142180094787,18.957345971563985,80.56872037914692,17.061611374407583,2.3696682464454977,25.59241706161137
2020-03-21,0.7007299270072992,NA,0.7386789422973986,0.7518796992481203,1,18.224299065420567,0,49.532710280373834,5.607476635514018,44.85981308411215,51.4018691588785,10.74766355140187,37.850467289719624,8.878504672897188,67.7570093457944,27.102803738317753,5.14018691588785,23.364485981308412
2020-03-22,1.313868613138686,NA,0.9099668129750562,0.7518796992481203,1,9.897610921501684,0,56.31399317406144,5.802047781569966,37.883959044368595,42.32081911262799,6.484641638225256,51.19453924914675,9.215017064846414,64.16382252559727,32.76450511945392,3.0716723549488054,18.43003412969283
2020-03-23,1.9562043795620438,NA,1.375655711379938,0.7518796992481203,1,11.553784860557768,0,41.832669322709165,6.772908366533864,51.39442231075697,43.02788844621514,8.764940239043826,48.20717131474104,11.95219123505977,58.56573705179283,36.254980079681275,5.179282868525896,23.107569721115535
2020-03-24,2.2773722627737225,NA,1.1722513649502195,2.2556390977443606,1,7.831325301204813,0,34.33734939759036,15.66265060240964,50,33.13253012048193,12.650602409638553,54.21686746987952,11.445783132530115,64.45783132530121,31.92771084337349,3.614457831325301,19.27710843373494
2020-03-25,3.0948905109489053,NA,1.3274809977518467,6.015037593984962,1,19.246861924686208,0,51.04602510460251,1.6736401673640167,47.28033472803347,71.1297071129707,0.8368200836820083,28.03347280334728,11.297071129707117,61.08786610878661,26.359832635983267,12.552301255230125,28.451882845188287
2020-03-26,4.116788321167883,NA,1.835991863826143,4.511278195488721,1,10.447761194029844,0,61.19402985074627,4.477611940298507,34.32835820895522,59.70149253731343,12.935323383084576,27.363184079601986,12.437810945273611,73.6318407960199,24.378109452736318,1.9900497512437811,21.890547263681594
2020-03-27,4.788321167883212,NA,2.312386254148378,2.2556390977443606,1,27.692307692307683,0,38.97435897435898,7.6923076923076925,53.333333333333336,45.64102564102564,2.564102564102564,51.7948717948718,16.41025641025641,66.15384615384615,28.717948717948715,5.128205128205128,38.97435897435898
2020-03-28,5.6058394160583935,NA,2.162509367305428,10.526315789473683,1,17.689530685920577,0,37.90613718411552,10.469314079422382,51.624548736462096,39.71119133574007,2.527075812274368,57.761732851985556,22.743682310469335,50.54151624548736,45.12635379061371,4.332129963898916,35.37906137184115
2020-03-29,6.86131386861314,NA,2.671020233379724,7.518796992481203,1,21.311475409836085,0,52.459016393442624,11.475409836065573,36.0655737704918,57.377049180327866,11.885245901639344,30.737704918032787,11.065573770491804,66.39344262295081,22.540983606557376,11.065573770491802,30.327868852459016
2020-03-30,8.35036496350365,NA,3.222353067123435,10.526315789473683,1,35.028248587570644,0,48.0225988700565,9.6045197740113,42.3728813559322,62.71186440677966,9.6045197740113,27.683615819209038,18.644067796610138,59.887005649717516,37.28813559322034,2.824858757062147,47.45762711864407
2020-03-31,8.963503649635037,NA,4.025264960924955,11.278195488721805,1,12.903225806451621,0,46.774193548387096,10.483870967741936,42.74193548387097,52.41935483870967,36.29032258064516,11.29032258064516,10.483870967741936,81.45161290322581,12.903225806451612,5.64516129032258,20.967741935483872
2020-04-01,10.656934306569344,NA,3.067123434321807,10.526315789473683,1,15.057915057915022,0,46.33204633204633,6.177606177606178,47.49034749034749,46.33204633204633,16.602316602316602,37.06563706563706,22.393822393822404,60.61776061776062,29.72972972972973,9.652509652509652,33.204633204633204
2020-04-02,12.875912408759124,NA,3.8218606144952356,12.781954887218044,1,12.350597609561726,0,50.199203187250994,5.179282868525896,44.6215139442231,52.98804780876494,8.366533864541832,38.645418326693225,3.984063745019923,67.729083665338635,27.88844621513944,4.382470119521913,16.334661354581673
2020-04-03,13.956204379562042,NA,3.2758805267102025,21.804511278195488,1,37.5,0,60.416666666666664,6.25,33.33333333333333,65.97222222222221,0,34.02777777777778,17.36111111111113,65.27777777777779,34.02777777777778,0.6944444444444444,47.22222222222222
2020-04-04,15.328467153284672,NA,3.3294079862969705,36.09022556390977,1,14.999999999999982,0,30.833333333333336,8.333333333333332,60.83333333333333,36.666666666666664,11.25,52.083333333333336,17.500000000000007,50.416666666666664,40.833333333333336,8.75,27.916666666666668
2020-04-05,15.562043795620436,NA,2.7031367091317846,28.57142857142857,1,30.49645390070922,0,41.843971631205676,14.184397163120568,43.97163120567376,48.93617021276596,14.893617021276595,36.17021276595745,13.475177304964541,63.829787234042556,30.49645390070922,5.673758865248227,40.42553191489361
2020-04-07,18.45255474452555,NA,4.3838989401563,39.097744360902254,1,31.99999999999999,0,49.333333333333336,14.666666666666666,36,73.33333333333333,16,10.666666666666668,6.666666666666665,88.66666666666667,8,3.3333333333333335,32.666666666666664
2020-04-08,19.824817518248175,NA,2.9547157691895944,42.10526315789473,1,24.598930481283418,0,36.36363636363637,12.834224598930483,50.80213903743316,54.01069518716578,14.43850267379679,31.550802139037433,7.486631016042779,49.19786096256685,35.294117647058826,15.508021390374333,29.946524064171122
2020-04-09,21.401459854014597,NA,4.319665988652178,48.87218045112782,1,13.63636363636361,0,21.363636363636363,16.818181818181817,61.81818181818181,49.09090909090909,20,30.909090909090907,14.999999999999986,40.45454545454545,51.36363636363637,8.181818181818182,27.27272727272727
2020-04-10,22.131386861313867,NA,3.008243228776362,52.63157894736842,1,26.23574144486695,0,41.06463878326996,25.475285171102662,33.460076045627375,58.935361216730044,21.292775665399237,19.771863117870723,14.068441064638767,56.65399239543726,33.460076045627375,9.885931558935361,36.12167300380228
2020-04-11,23.065693430656932,NA,3.4846376190985975,48.1203007518797,1,22.22222222222222,0,25.185185185185183,17.77777777777778,57.03703703703704,61.48148148148148,17.77777777777778,20.74074074074074,9.62962962962963,50.37037037037037,49.629629629629626,0,29.629629629629626
2020-04-13,26.014598540145982,NA,4.598008778503372,66.9172932330827,1,19.999999999999993,0,15,14.000000000000002,71,63,3,34,13.999999999999993,35,56.00000000000001,9,34
2020-04-14,27.065693430656935,NA,5.6203832566106415,64.66165413533834,1,19.339622641509422,0,24.528301886792452,7.547169811320755,67.9245283018868,69.81132075471697,9.433962264150944,20.754716981132077,11.320754716981133,47.64150943396226,52.358490566037744,0,28.30188679245283
2020-04-15,28.467153284671532,NA,4.726474681511615,66.16541353383458,1,40.90909090909091,0,43.18181818181818,4.545454545454546,52.27272727272727,68.18181818181817,10.227272727272728,21.59090909090909,6.818181818181819,60.22727272727273,32.95454545454545,6.8181818181818175,47.72727272727273
2020-04-16,29.722627737226276,NA,4.608714270420726,63.90977443609023,1,17.346938775510225,0,26.53061224489796,20.408163265306122,53.06122448979592,65.3061224489796,21.428571428571427,13.26530612244898,24.489795918367342,60.204081632653065,33.6734693877551,6.122448979591836,36.734693877551024
2020-04-17,31.2992700729927,NA,4.458837383577776,59.3984962406015,1,25.789473684210535,0,26.31578947368421,6.842105263157896,66.84210526315789,77.89473684210526,5.263157894736842,16.842105263157894,8.947368421052628,50.526315789473685,47.89473684210526,1.5789473684210527,32.631578947368425
2020-04-20,35.70802919708029,NA,3.7362166791564073,73.68421052631578,1,17.261904761904777,0,44.047619047619044,10.714285714285714,45.23809523809524,55.952380952380956,32.73809523809524,11.30952380952381,8.928571428571425,53.57142857142857,44.047619047619044,2.380952380952381,24.404761904761905
2020-04-21,37.25547445255474,NA,3.575634300396103,80.45112781954887,1,28.20512820512816,0,10.897435897435898,31.41025641025641,57.692307692307686,57.05128205128205,28.846153846153843,14.102564102564102,12.179487179487186,44.871794871794876,48.717948717948715,6.41025641025641,35.256410256410255
2020-04-22,41.16788321167883,NA,4.25008029118938,76.69172932330827,1,20.454545454545443,0,24.545454545454547,24.09090909090909,51.36363636363637,52.27272727272727,31.363636363636367,16.363636363636363,16.818181818181834,63.18181818181819,29.09090909090909,7.727272727272727,31.363636363636367
2020-04-23,42.627737226277375,NA,3.987795739214217,85.71428571428571,1,33.16831683168313,0,17.82178217821782,21.782178217821784,60.396039603960396,52.475247524752476,21.287128712871286,26.237623762376238,11.881188118811874,46.53465346534654,50,3.4653465346534658,39.10891089108911
2020-04-24,43.941605839416056,NA,4.148378117974521,75.18796992481202,1,9.94764397905758,0,17.277486910994764,33.50785340314136,49.21465968586388,32.460732984293195,37.17277486910995,30.36649214659686,5.235602094240842,54.45026178010471,41.8848167539267,3.664921465968586,14.659685863874344
2020-04-27,47.270072992700726,NA,3.69874745744567,81.95488721804512,1,17.93893129770994,0,28.24427480916031,32.44274809160305,39.31297709923664,30.916030534351147,37.02290076335878,32.06106870229007,14.503816793893115,57.25190839694656,37.404580152671755,5.343511450381679,29.770992366412212
2020-04-28,48.02919708029197,NA,4.319665988652178,100,1,19.330855018587386,0,23.04832713754647,34.572490706319705,42.37918215613383,33.08550185873606,35.31598513011153,31.59851301115242,19.702602230483265,58.36431226765799,39.03345724907063,2.6022304832713754,35.31598513011153
2020-04-29,48.96350364963504,NA,4.5284230810405735,100,1,11.666666666666673,0,28.666666666666668,39.666666666666664,31.666666666666664,36,33.33333333333333,30.666666666666664,22.000000000000007,64.66666666666666,28.999999999999996,6.333333333333334,31
2020-04-30,49.8978102189781,NA,4.335724226528209,89.47368421052632,1,25.702811244979944,0,43.77510040160642,23.694779116465863,32.53012048192771,37.75100401606426,35.7429718875502,26.506024096385545,18.87550200803213,55.020080321285135,40.16064257028113,4.819277108433735,38.95582329317269
2020-05-04,53.05109489051095,NA,3.0457124504870996,81.95488721804512,1,23.456790123456784,0,29.629629629629626,41.9753086419753,28.39506172839506,29.01234567901235,42.592592592592595,28.39506172839506,22.839506172839506,74.07407407407408,22.839506172839506,3.0864197530864197,38.88888888888889
2020-05-05,53.54744525547446,NA,4.512364843164543,63.90977443609023,1,10.629921259842527,0,24.015748031496063,35.039370078740156,40.94488188976378,20.078740157480315,23.228346456692915,56.69291338582677,5.905511811023629,61.811023622047244,33.07086614173229,5.118110236220472,15.748031496062993
2020-05-06,53.34306569343066,NA,4.683652713842202,71.42857142857143,1,17.543859649122812,0,37.54385964912281,32.280701754385966,30.175438596491226,34.385964912280706,33.68421052631579,31.929824561403507,16.842105263157887,57.54385964912281,37.19298245614035,5.263157894736842,30.526315789473685
2020-05-07,53.1970802919708,NA,4.212611069478642,71.42857142857143,1,33.333333333333336,0,41.125541125541126,22.51082251082251,36.36363636363637,45.02164502164502,24.242424242424242,30.735930735930733,11.688311688311687,67.09956709956711,29.43722943722944,3.463203463203463,41.55844155844156
2020-05-11,53.54744525547446,NA,2.9921849909003315,69.17293233082707,1,27.43362831858406,0,37.610619469026545,26.548672566371685,35.84070796460177,38.93805309734513,29.646017699115045,31.41592920353982,29.646017699115053,54.86725663716814,40.707964601769916,4.424778761061947,47.34513274336283
2020-05-12,54.481751824817515,NA,3.361524462049031,54.13533834586466,1,14.432989690721673,0,39.86254295532646,29.20962199312715,30.927835051546392,25.42955326460481,46.735395189003434,27.835051546391753,12.027491408934708,67.69759450171821,25.42955326460481,6.872852233676976,23.02405498281787
2020-05-13,53.4014598540146,NA,3.634514505941548,41.35338345864661,1,24.210526315789473,0,65.26315789473685,16.140350877192983,18.596491228070175,47.719298245614034,36.49122807017544,15.789473684210526,11.929824561403526,72.63157894736842,17.543859649122805,9.824561403508772,32.98245614035088
2020-05-18,51.88321167883212,NA,2.91189380152018,42.10526315789473,1,19.047619047619058,0,45.42124542124542,34.43223443223443,20.146520146520146,42.857142857142854,31.5018315018315,25.64102564102564,14.28571428571428,61.904761904761905,30.76923076923077,7.326007326007327,28.57142857142857
2020-05-19,45.02189781021898,NA,3.361524462049031,42.10526315789473,1,17.808219178082183,0,26.71232876712329,12.32876712328767,60.95890410958904,48.63013698630137,20.54794520547945,30.82191780821918,2.054794520547944,56.16438356164384,39.726027397260275,4.10958904109589,19.17808219178082
2020-05-20,43.79562043795621,NA,3.516754094850658,51.8796992481203,1,6.5104166666666945,0,33.07291666666667,43.48958333333333,23.4375,19.270833333333336,26.822916666666668,53.90625,17.708333333333325,67.96875,20.3125,11.71875,24.21875
2020-05-27,38.74452554744526,NA,2.1946258430574885,39.097744360902254,1,12.449799196787167,0,38.95582329317269,18.072289156626507,42.971887550200805,40.562248995983936,25.702811244979916,33.734939759036145,14.859437751004013,57.028112449799195,36.54618473895582,6.425702811244979,22.48995983935743
2020-05-28,36.75912408759124,NA,2.050101702173215,57.89473684210527,1,17.12328767123288,0,37.67123287671233,43.15068493150685,19.17808219178082,39.726027397260275,32.87671232876712,27.397260273972602,18.493150684931503,66.43835616438356,18.493150684931507,15.068493150684931,34.24657534246575
2020-06-02,33.284671532846716,NA,1.2204260785783108,27.819548872180448,1,6.060606060606064,0,21.21212121212121,15.151515151515152,63.63636363636363,78.78787878787878,9.090909090909092,12.121212121212121,33.33333333333334,48.484848484848484,45.45454545454545,6.0606060606060606,36.36363636363637
2020-06-04,29.897810218978105,NA,1.2578953002890483,11.278195488721805,1,14.112903225806447,0,43.145161290322584,45.564516129032256,11.29032258064516,37.903225806451616,45.16129032258064,16.93548387096774,29.03225806451613,78.62903225806451,12.5,8.870967741935484,42.74193548387097
2020-06-09,26.686131386861312,NA,0.9099668129750562,12.030075187969924,1,14.141414141414158,0,41.91919191919192,23.737373737373737,34.34343434343434,50,36.868686868686865,13.131313131313133,8.0808080808081,57.57575757575758,40.909090909090914,1.5151515151515151,22.22222222222222
2020-06-11,24.525547445255473,NA,0.7493844342147522,16.541353383458645,1,10.077519379844954,0,55.03875968992248,29.457364341085274,15.503875968992247,27.131782945736433,35.65891472868217,37.2093023255814,27.131782945736422,68.9922480620155,24.8062015503876,6.2015503875969,33.33333333333333
2020-07-20,7.211678832116789,NA,0.7654426720907825,0.7518796992481203,2,17.73584905660378,0,49.81132075471698,23.39622641509434,26.79245283018868,26.41509433962264,41.88679245283019,31.69811320754717,14.716981132075471,61.13207547169811,26.41509433962264,12.452830188679245,31.69811320754717
2020-09-10,3.5036496350364965,NA,1.3060700139171395,1.5037593984962405,2,15.789473684210522,0,57.89473684210527,14.285714285714285,27.819548872180448,44.3609022556391,12.030075187969924,43.609022556390975,9.77443609022557,59.3984962406015,39.849624060150376,0.7518796992481203,24.06015037593985
2020-09-15,3.708029197080292,NA,1.7342896906112837,1.5037593984962405,2,25.294117647058812,0,37.35294117647059,9.411764705882353,53.23529411764706,48.529411764705884,7.352941176470589,44.11764705882353,13.52941176470587,37.35294117647059,58.235294117647065,4.411764705882353,36.470588235294116
2020-09-17,3.8832116788321165,NA,1.9323412910823252,2.2556390977443606,2,27.731092436974762,0,65.96638655462185,10.92436974789916,23.10924369747899,65.12605042016807,13.865546218487395,21.008403361344538,22.68907563025214,74.36974789915966,16.80672268907563,8.823529411764707,42.857142857142854
2020-09-22,5.109489051094891,NA,2.863719087892089,3.007518796992481,2,20.912547528517113,0,55.51330798479087,4.182509505703422,40.3041825095057,65.39923954372624,6.844106463878327,27.756653992395435,20.912547528517102,60.836501901140686,33.840304182509506,5.323193916349809,33.07984790874524
2020-09-24,5.81021897810219,NA,3.9449737715448028,5.263157894736842,2,22.265625,0,44.53125,20.3125,35.15625,45.3125,10.15625,44.53125,16.40625,47.65625,40.625,11.71875,30.078125
2020-09-25,6.335766423357664,NA,4.223316561395996,1.5037593984962405,2,14.644351464435129,0,35.56485355648535,28.451882845188287,35.98326359832636,50.627615062761514,7.112970711297072,42.25941422594142,14.644351464435127,53.55648535564853,31.799163179916317,14.644351464435147,24.686192468619247
2020-09-29,7.357664233576642,NA,5.213574563751204,6.015037593984962,2,19.774011299435024,0,48.58757062146893,12.994350282485875,38.4180790960452,49.717514124293785,10.16949152542373,40.11299435028249,6.779661016949157,59.887005649717516,38.983050847457626,1.1299435028248588,24.858757062146893
2020-09-30,7.678832116788321,NA,5.7220854298255,6.7669172932330826,2,3.9999999999999973,0,49.5,22.5,28.000000000000004,5,5,90,11.49999999999999,58.5,40.5,1,13
2020-10-01,8.321167883211679,NA,5.9629589979659565,6.015037593984962,2,14.225941422594158,0,44.76987447698745,33.054393305439326,22.17573221757322,28.870292887029287,17.99163179916318,53.13807531380753,16.736401673640167,66.52719665271967,32.21757322175732,1.2552301255230125,27.19665271966527
2020-10-07,11.64963503649635,NA,5.331334974842094,12.030075187969924,2,25.263157894736842,0,30,10,60,62.63157894736842,3.684210526315789,33.68421052631579,12.105263157894743,47.368421052631575,48.94736842105264,3.684210526315789,32.10526315789474
2020-10-08,11.795620437956204,NA,5.893373300503158,6.7669172932330826,2,10.276679841897236,0,61.6600790513834,20.55335968379447,17.786561264822133,31.620553359683797,13.83399209486166,54.54545454545454,15.415019762845816,75.49407114624506,21.73913043478261,2.766798418972332,20.55335968379447
2020-10-20,15.416058394160585,NA,5.684616208114763,7.518796992481203,2,27.272727272727266,0,52.15311004784689,21.052631578947366,26.794258373205743,59.80861244019139,4.784688995215311,35.406698564593306,11.004784688995233,59.80861244019139,33.014354066985646,7.177033492822966,35.406698564593306
2020-10-22,14.686131386861314,NA,4.924526281982657,14.285714285714285,2,36.194029850746254,0,38.80597014925373,7.835820895522389,53.35820895522389,60.07462686567165,3.3582089552238807,36.56716417910448,7.462686567164183,40.67164179104478,55.223880597014926,4.104477611940299,40.298507462686565
2020-10-29,15.036496350364963,NA,5.433037148056953,12.030075187969924,2,24.870466321243516,0,39.89637305699482,18.65284974093264,41.45077720207254,57.51295336787565,12.435233160621761,30.05181347150259,9.844559585492227,55.44041450777202,35.751295336787564,8.808290155440414,30.05181347150259
2020-11-03,15.766423357664234,NA,5.70602719194947,13.533834586466165,2,53.374233128834334,0,39.87730061349693,15.950920245398773,44.171779141104295,76.68711656441718,2.4539877300613497,20.858895705521473,11.656441717791427,38.65030674846626,38.65030674846626,22.699386503067483,58.282208588957054
2020-11-05,15.766423357664234,NA,7.151268600792206,12.781954887218044,2,27.083333333333336,0,54.166666666666664,15.625,30.208333333333332,74.47916666666666,9.375,16.145833333333336,17.708333333333336,68.22916666666666,27.604166666666668,4.166666666666666,41.66666666666667
2020-11-10,16.75912408759124,NA,6.771223637726154,22.55639097744361,2,42.783505154639165,0,46.391752577319586,10.309278350515463,43.29896907216495,56.18556701030928,27.835051546391753,15.979381443298967,22.164948453608243,58.24742268041238,31.443298969072163,10.309278350515463,53.608247422680414
2020-11-12,17.05109489051095,NA,7.467080612354138,26.31578947368421,2,34.782608695652186,0,51.63043478260869,9.239130434782608,39.130434782608695,51.08695652173913,12.5,36.41304347826087,21.195652173913025,57.065217391304344,40.21739130434783,2.717391304347826,46.73913043478261
2020-11-24,19.124087591240876,NA,6.835456589230275,25.563909774436087,2,14.999999999999982,0,51.11111111111111,7.777777777777778,41.11111111111111,28.888888888888886,22.77777777777778,48.333333333333336,23.333333333333332,62.22222222222222,32.22222222222222,5.555555555555555,33.33333333333333
2020-11-26,19.532846715328468,NA,7.349320201263248,17.293233082706767,2,11.797752808988747,0,52.80898876404494,19.101123595505616,28.08988764044944,32.58426966292135,19.101123595505616,48.31460674157304,16.853932584269664,74.15730337078652,25.280898876404496,0.5617977528089888,26.40449438202247
2020-12-01,21.605839416058394,NA,8.494807836420083,17.293233082706767,2,25.974025974025967,0,48.05194805194805,11.03896103896104,40.909090909090914,60.3896103896104,25.324675324675322,14.285714285714285,11.038961038961032,51.298701298701296,40.25974025974026,8.441558441558442,30.519480519480517
2020-12-09,24.759124087591243,NA,9.618884487742212,21.804511278195488,2,10.788381742738599,0,51.867219917012456,12.863070539419086,35.26970954356847,21.991701244813278,35.26970954356847,42.738589211618255,6.639004149377589,50.20746887966805,46.88796680497925,2.904564315352697,15.352697095435685
2020-12-11,25.10948905109489,NA,10.732255647146987,30.075187969924812,2,28.395061728395042,0,48.148148148148145,19.1358024691358,32.71604938271605,27.77777777777778,28.39506172839506,43.82716049382716,15.432098765432094,61.111111111111114,30.246913580246915,8.641975308641975,40.123456790123456
2021-01-21,41.63503649635037,10.812913907284768,8.96584948078364,30.075187969924812,2,35.76642335766424,0,36.13138686131387,14.963503649635038,48.9051094890511,44.89051094890511,25.547445255474454,29.56204379562044,17.518248175182475,45.98540145985402,35.03649635036496,18.97810218978102,40.51094890510949
2021-01-28,35.53284671532847,2.201158940397351,7.02815544374264,24.81203007518797,2,29.166666666666657,0,57.91666666666667,7.916666666666666,34.166666666666664,56.25,25,18.75,17.91666666666666,55.00000000000001,34.166666666666664,10.833333333333334,35
2021-02-02,32.29197080291971,0,6.31088748527995,26.31578947368421,2,13.4020618556701,0,35.738831615120276,38.83161512027492,25.42955326460481,32.302405498281786,30.240549828178693,37.45704467353952,12.371134020618573,73.53951890034365,22.68041237113402,3.7800687285223367,21.993127147766323
2021-02-11,24.78832116788321,7.592715231788079,5.202869071833851,17.293233082706767,2,40.04796163069544,0,76.2589928057554,5.995203836930456,17.74580335731415,75.0599520383693,20.623501199040767,4.316546762589928,25.179856115107906,84.17266187050359,6.71462829736211,9.112709832134293,54.196642685851316
2021-02-16,22.364963503649633,1.0653973509933774,4.319665988652178,8.270676691729323,2,24.41471571906354,0,48.16053511705686,28.093645484949832,23.745819397993312,41.1371237458194,25.75250836120401,33.11036789297659,20.06688963210702,71.90635451505017,25.08361204013378,3.0100334448160537,35.45150501672241
2021-03-09,16.963503649635037,15.036423841059602,3.9717375013381866,6.015037593984962,2,24.23469387755102,0,58.92857142857143,22.95918367346939,18.112244897959183,23.46938775510204,65.05102040816327,11.479591836734695,20.153061224489775,67.60204081632652,19.387755102040817,13.010204081632654,38.265306122448976
2021-03-23,14.832116788321168,27.081953642384104,5.181458087999143,2.2556390977443606,3,42.60089686098654,0,49.327354260089685,25.56053811659193,25.112107623318387,33.18385650224215,48.87892376681614,17.937219730941703,23.318385650224226,67.71300448430493,20.62780269058296,11.659192825112108,54.26008968609865
2021-03-30,14.16058394160584,35.31870860927152,6.7605181458088,6.7669172932330826,3,29.7124600638978,0,42.81150159744409,16.61341853035144,40.57507987220447,31.948881789137378,43.13099041533546,24.920127795527154,17.252396166134197,55.59105431309904,34.82428115015975,9.584664536741213,39.936102236421725
2021-03-31,14.21897810218978,34.32615894039735,6.155657852478321,3.007518796992481,3,22.909090909090917,0,33.45454545454545,18.90909090909091,47.63636363636364,44,19.272727272727273,36.72727272727273,10.181818181818198,58.909090909090914,35.27272727272727,5.818181818181818,27.636363636363637
2021-04-13,19.27007299270073,57.92384105960265,8.24858152232095,8.270676691729323,3,40.080971659919044,0,43.31983805668016,9.7165991902834,46.963562753036435,40.89068825910931,36.43724696356275,22.672064777327936,23.076923076923073,50.20242914979757,38.05668016194332,11.740890688259109,48.987854251012145
2021-04-20,20.905109489051092,46.044701986754966,6.80869285943689,4.511278195488721,3,39.639639639639654,0,46.846846846846844,14.864864864864865,38.288288288288285,28.37837837837838,53.6036036036036,18.01801801801802,20.720720720720742,64.86486486486487,29.72972972972973,5.405405405405405,53.153153153153156
2021-04-22,19.97080291970803,74.03145695364238,5.652499732362702,11.278195488721805,3,22.155688622754457,0,71.55688622754491,4.790419161676647,23.652694610778443,23.053892215568865,69.16167664670658,7.784431137724551,20.059880239520975,75.44910179640718,9.880239520958083,14.67065868263473,34.13173652694611
2021-04-27,18.77372262773723,42.4271523178808,5.904078792420512,9.774436090225564,3,36.36363636363638,0,49.45454545454545,20.727272727272727,29.818181818181817,25.09090909090909,65.45454545454545,9.454545454545455,23.99999999999999,56.00000000000001,29.09090909090909,14.909090909090908,51.272727272727266
2021-04-29,17.284671532846716,53.0364238410596,5.882667808585804,9.022556390977442,3,16.176470588235286,0,73.52941176470588,14.338235294117647,12.132352941176471,18.014705882352942,68.38235294117648,13.602941176470587,11.764705882352953,76.10294117647058,10.294117647058822,13.602941176470587,24.264705882352942
2021-05-04,17.167883211678834,47.12334437086093,4.731827427470292,6.015037593984962,3,22.74509803921571,0,50.19607843137255,34.11764705882353,15.686274509803921,14.901960784313726,72.54901960784314,12.549019607843137,20.392156862745107,65.49019607843137,17.254901960784313,17.254901960784313,40.3921568627451
2021-05-06,16.75912408759124,86.84768211920529,5.427684402098276,4.511278195488721,3,25.435540069686468,0,78.74564459930313,14.634146341463413,6.620209059233449,7.665505226480835,86.7595818815331,5.574912891986063,15.331010452961694,77.35191637630662,7.317073170731707,15.33101045296167,35.54006968641115
2021-05-11,15.474452554744525,62.288079470198674,4.373193448238947,5.263157894736842,3,24.899598393574298,0,44.17670682730924,35.34136546184739,20.481927710843372,26.506024096385545,56.22489959839358,17.269076305220885,21.28514056224897,65.86345381526104,13.253012048192772,20.883534136546185,38.55421686746988
2021-05-18,13.605839416058393,60.581125827814574,3.3026442565035863,3.7593984962406015,3,8.270676691729328,0,48.49624060150376,42.4812030075188,9.022556390977442,11.654135338345863,77.81954887218046,10.526315789473683,4.13533834586466,77.06766917293233,4.511278195488721,18.421052631578945,10.526315789473683
2021-05-25,11.64963503649635,49.90066225165563,2.4515576490739748,3.007518796992481,3,29.885057471264375,0,50,33.33333333333333,16.666666666666664,10.919540229885058,75.86206896551724,13.218390804597702,12.068965517241386,69.54022988505747,10.919540229885058,19.54022988505747,37.35632183908046
2021-06-01,9.927007299270073,57.44122516556291,1.6111765335617174,5.263157894736842,3,20.80924855491331,0,57.22543352601156,28.901734104046245,13.872832369942195,8.092485549132949,68.20809248554913,23.699421965317917,9.826589595375733,72.25433526011561,14.450867052023122,13.294797687861271,27.74566473988439
2021-06-03,8.963503649635037,80.77897350993378,1.4345359169253826,3.007518796992481,3,29.032258064516135,0,79.03225806451613,13.225806451612904,7.741935483870968,6.451612903225806,91.29032258064517,2.258064516129032,14.83870967741935,86.7741935483871,6.451612903225806,6.774193548387098,38.064516129032256
2021-06-08,7.5036496350364965,63.6887417218543,1.0866074296113906,0.7518796992481203,3,18.592964824120592,0,56.28140703517588,28.643216080402013,15.07537688442211,17.08542713567839,78.39195979899498,4.522613065326634,19.095477386934665,77.88944723618091,11.557788944723619,10.552763819095476,37.68844221105528
2021-08-17,2.5693430656934306,34.341887417218544,2.2642115405202867,0,4,56.73076923076922,0,42.78846153846153,25.48076923076923,31.73076923076923,13.942307692307693,80.76923076923077,5.288461538461538,26.442307692307708,62.980769230769226,30.76923076923077,6.25,63.46153846153846
2021-09-14,7.2992700729927,12.021523178807946,4.003853977090247,1.5037593984962405,4,15.094339622641511,0,67.9245283018868,0,32.075471698113205,60.37735849056604,30.18867924528302,9.433962264150944,20.754716981132084,60.37735849056604,37.735849056603776,1.8867924528301887,26.41509433962264
2021-09-28,8.934306569343066,8.071192052980132,3.0243014666523926,1.5037593984962405,4,36.153846153846125,0,51.53846153846153,18.076923076923077,30.384615384615383,23.076923076923077,65.38461538461539,11.538461538461538,21.923076923076916,61.92307692307693,31.153846153846153,6.923076923076923,41.15384615384615
2021-09-30,9.05109489051095,13.951986754966889,3.1367091317846056,2.2556390977443606,4,15.91695501730105,0,50.86505190311419,40.484429065743946,8.650519031141869,12.45674740484429,80.62283737024222,6.920415224913495,12.110726643598593,63.32179930795848,9.688581314878892,26.989619377162633,25.951557093425603
2021-11-02,7.240875912408759,9.398178807947021,2.858366341933412,0.7518796992481203,4,19.784172661870496,0,46.76258992805755,35.25179856115108,17.985611510791365,17.62589928057554,75.89928057553958,6.474820143884892,24.460431654676242,77.33812949640287,13.309352517985612,9.352517985611511,38.1294964028777
2021-11-09,6.423357664233577,8.767384105960264,3.8646825821646504,1.5037593984962405,4,43.56435643564357,0,75.24752475247524,20.792079207920793,3.9603960396039604,10.891089108910892,86.13861386138613,2.9702970297029703,31.68316831683166,94.05940594059405,0.9900990099009901,4.9504950495049505,52.475247524752476
2022-02-01,79.7080291970803,40.741721854304636,20.383256610641258,32.33082706766917,5,30.147058823529438,0,36.76470588235294,38.970588235294116,24.264705882352942,24.264705882352942,72.79411764705883,2.941176470588235,19.117647058823522,63.23529411764706,29.411764705882355,7.352941176470589,40.44117647058824
2022-02-08,68.55474452554745,28.815397350993376,16.40081361738572,25.563909774436087,5,14.213197969543149,0,47.71573604060914,28.934010152284262,23.3502538071066,31.472081218274113,51.26903553299492,17.258883248730964,28.4263959390863,68.52791878172589,21.82741116751269,9.644670050761421,35.025380710659896
2022-02-15,58.24817518248175,16.790562913907284,10.603789744138743,15.789473684210526,5,31.999999999999996,0,41.714285714285715,36,22.285714285714285,32.57142857142858,65.71428571428571,1.7142857142857144,16.57142857142858,73.14285714285714,14.857142857142858,12,36
2022-02-16,55.53284671532847,17.67135761589404,10.132748099775185,17.293233082706767,5,2.0833333333333335,0,25,35.9375,39.0625,29.6875,28.645833333333332,41.66666666666667,7.8125,71.35416666666666,25,3.6458333333333335,9.895833333333332
2020-05-21,43.09489051094891,NA,3.495343111015951,38.34586466165413,1,9.583333333333343,0,31.25,37.083333333333336,31.666666666666664,38.75,37.916666666666664,23.333333333333332,12.916666666666668,49.166666666666664,37.083333333333336,13.750000000000002,20.833333333333336
2020-05-25,40.90510948905109,NA,1.9109303072476178,42.10526315789473,1,13.15789473684209,0,40.78947368421053,28.947368421052634,30.263157894736842,26.31578947368421,38.81578947368421,34.868421052631575,9.868421052631575,55.92105263157895,23.684210526315788,20.394736842105264,22.36842105263158
2020-06-01,34.131386861313864,NA,1.3542447275452307,28.57142857142857,1,8.588957055214717,0,39.263803680981596,44.171779141104295,16.56441717791411,19.631901840490798,59.50920245398773,20.858895705521473,19.018404907975462,44.785276073619634,23.92638036809816,31.28834355828221,24.539877300613497
2020-06-30,12.350364963503651,NA,0.46033615244620485,6.7669172932330826,1,5.579399141630901,0,47.63948497854077,29.613733905579398,22.746781115879827,15.879828326180256,68.24034334763948,15.879828326180256,3.433476394849793,68.6695278969957,26.180257510729614,5.150214592274678,8.15450643776824
2020-10-13,13.313868613138686,NA,5.486564607643722,9.022556390977442,2,22.543352601156084,0,47.97687861271676,21.38728323699422,30.63583815028902,45.664739884393065,17.341040462427745,36.99421965317919,16.1849710982659,56.64739884393064,30.057803468208093,13.294797687861271,30.057803468208093
2020-10-26,15.386861313868613,NA,3.8379188523712666,15.037593984962406,2,37.81094527363186,0,32.33830845771145,26.368159203980102,41.29353233830846,54.72636815920397,10.44776119402985,34.82587064676617,10.447761194029846,40.298507462686565,53.233830845771145,6.467661691542288,43.28358208955223
2020-12-15,28.4963503649635,0.3841059602649007,9.993576704849588,27.06766917293233,2,12.3809523809524,0,50.476190476190474,33.80952380952381,15.714285714285714,14.761904761904763,38.57142857142858,46.666666666666664,16.190476190476183,67.61904761904762,19.523809523809526,12.857142857142856,28.57142857142857
2021-01-06,40.29197080291971,8.325331125827814,14.195482282410875,30.82706766917293,2,25.94752186588922,0,42.857142857142854,23.03206997084548,34.11078717201166,26.82215743440233,34.11078717201166,39.067055393586,17.20116618075801,60.64139941690962,36.734693877551024,2.623906705539359,36.734693877551024
2021-12-22,13.81021897810219,80.6862582781457,61.01059843699817,3.007518796992481,5,25.52083333333337,0,60.416666666666664,7.291666666666667,32.29166666666667,40.88541666666667,40.36458333333333,18.75,16.92708333333332,70.57291666666666,23.177083333333336,6.25,33.85416666666667
2022-01-11,84,93.32864238410596,39.82978267851408,42.10526315789473,5,32.278481012658226,0,37.9746835443038,11.39240506329114,50.63291139240506,63.92405063291139,29.746835443037973,6.329113924050633,32.278481012658226,50,48.734177215189874,1.2658227848101267,51.26582278481012
2022-01-13,90.07299270072993,97.13741721854305,34.123755486564605,45.11278195488722,5,23.780487804878028,0,36.58536585365854,33.23170731707317,30.182926829268293,39.63414634146341,46.95121951219512,13.414634146341465,27.134146341463406,58.84146341463414,28.96341463414634,12.195121951219512,43.59756097560975
2022-01-20,97.83941605839416,91.69701986754967,24.17835349534311,48.1203007518797,5,20.599250936329558,0,47.940074906367045,16.479400749063668,35.580524344569284,36.70411985018727,43.82022471910113,19.475655430711612,27.34082397003743,52.80898876404494,35.95505617977528,11.235955056179774,38.951310861423224
2022-01-25,95.47445255474453,67.62831125827815,22.34236163151697,40.6015037593985,5,17.985611510791387,0,45.68345323741007,26.258992805755394,28.05755395683453,41.36690647482014,49.64028776978417,8.992805755395683,24.100719424460443,67.98561151079137,23.381294964028775,8.633093525179856,37.05035971223021
2020-05-14,53.08029197080292,NA,3.8218606144952356,66.16541353383458,1,22.310756972111566,0,66.53386454183267,11.553784860557768,21.91235059760956,43.82470119521912,36.65338645418327,19.52191235059761,23.107569721115553,67.729083665338635,21.91235059760956,10.358565737051793,43.02788844621514
2020-05-15,52.2043795620438,NA,3.7094529493630235,61.65413533834586,1,14.678899082568819,0,51.37614678899083,24.770642201834864,23.853211009174313,44.03669724770643,28.440366972477065,27.522935779816514,19.266055045871553,48.62385321100918,34.862385321100916,16.51376146788991,28.440366972477065
2020-06-08,28.058394160583944,NA,0.6262712771651857,9.022556390977442,1,14.423076923076927,0,49.03846153846153,35.57692307692308,15.384615384615385,41.34615384615385,36.53846153846153,22.115384615384613,15.384615384615378,65.38461538461539,24.03846153846154,10.576923076923077,25.961538461538463
2020-07-03,10.978102189781023,NA,0.46033615244620485,2.2556390977443606,1,28.018223234624134,0,41.00227790432802,21.64009111617312,37.357630979498865,49.65831435079727,26.42369020501139,23.917995444191344,16.628701594533087,57.1753986332574,31.890660592255127,10.933940774487471,41.00227790432802
2020-07-06,10.16058394160584,NA,0.34257574135531527,5.263157894736842,1,21.634615384615387,0,59.61538461538461,8.653846153846153,31.73076923076923,29.326923076923077,21.153846153846153,49.519230769230774,22.59615384615385,57.21153846153846,35.09615384615385,7.6923076923076925,39.42307692307692
2020-07-13,8.613138686131387,NA,0.727973450380045,3.007518796992481,2,6.481481481481477,0,51.388888888888886,24.537037037037038,24.074074074074073,14.814814814814813,39.351851851851855,45.83333333333333,8.796296296296301,58.79629629629629,31.944444444444443,9.25925925925926,13.425925925925927
2020-08-03,4.934306569343065,NA,0.7440316882560754,0.7518796992481203,2,20.481927710843355,0,58.43373493975904,11.44578313253012,30.120481927710845,51.80722891566265,31.92771084337349,16.265060240963855,22.289156626506017,68.07228915662651,25.301204819277107,6.626506024096386,38.55421686746988
2020-08-25,3.0948905109489053,NA,0.6690932448346001,0.7518796992481203,2,18.71657754010693,0,50.26737967914438,22.994652406417114,26.737967914438503,63.101604278074866,24.06417112299465,12.834224598930483,29.411764705882355,66.31016042780749,25.668449197860966,8.0213903743315509,41.17647058823529
2020-08-27,3.4160583941605838,NA,0.5513328337437106,0,2,16.90140845070424,0,61.502347417840376,19.248826291079812,19.248826291079812,61.502347417840376,13.145539906103288,25.352112676056336,34.741784037558695,84.03755868544602,12.206572769953052,3.755868544600939,49.29577464788733
2020-08-31,3.2116788321167884,NA,0.7065624665453377,0.7518796992481203,2,17.2972972972973,0,37.2972972972973,25.945945945945947,36.75675675675676,44.86486486486487,16.756756756756758,38.37837837837838,15.135135135135123,35.13513513513514,51.35135135135135,13.513513513513514,29.72972972972973
2020-09-04,2.6569343065693434,NA,1.081254683652714,0.7518796992481203,2,24.46043165467624,0,62.23021582733813,15.467625899280577,22.302158273381295,58.992805755395686,6.83453237410072,34.172661870503596,21.942446043165454,66.18705035971223,23.741007194244602,10.071942446043165,41.36690647482014
2020-09-08,3.2116788321167884,NA,1.108018413446098,0,2,12.091503267973883,0,53.92156862745098,16.666666666666664,29.411764705882355,37.254901960784316,15.359477124183007,47.385620915032675,16.33986928104576,68.62745098039215,26.143790849673206,5.228758169934641,23.856209150326798
2020-09-28,7.036496350364964,NA,4.651536238090141,5.263157894736842,2,7.377049180327871,0,27.86885245901639,43.44262295081967,28.688524590163933,13.934426229508196,17.21311475409836,68.85245901639344,2.4590163934426243,47.540983606557376,48.36065573770492,4.098360655737705,9.836065573770492
2020-12-07,24.379562043795623,NA,7.997002462263141,26.31578947368421,2,40.993788819875746,0,62.11180124223602,8.695652173913043,29.19254658385093,36.024844720496894,57.14285714285714,6.832298136645963,18.633540372670794,68.32298136645963,23.60248447204969,8.074534161490684,45.3416149068323
2020-12-18,29.34306569343066,0.014072847682119206,10.855368804196551,25.563909774436087,2,30.434782608695638,0,44.927536231884055,3.6231884057971016,51.449275362318836,52.17391304347826,18.115942028985508,29.71014492753623,7.971014492753628,56.52173913043478,39.130434782608695,4.3478260869565215,33.33333333333333
2020-12-29,35.35766423357664,1.355132450331126,16.614923455732793,33.08270676691729,2,31.088082901554394,0,72.02072538860104,6.217616580310881,21.761658031088082,32.64248704663213,40.41450777202073,26.94300518134715,13.989637305699487,73.57512953367875,20.207253886010363,6.217616580310881,34.715025906735754
2021-01-14,43.708029197080286,9.211920529801326,10.518145808799915,39.097744360902254,2,40.10152284263961,0,55.32994923857868,20.812182741116754,23.85786802030457,29.949238578680205,62.43654822335025,7.614213197969544,32.48730964467004,73.60406091370558,17.258883248730964,9.137055837563452,52.28426395939086
2021-06-21,4.700729927007299,70.5521523178808,0.540627341826357,1.5037593984962405,3,20.98214285714284,0,37.05357142857143,44.19642857142857,18.75,10.714285714285714,79.01785714285714,10.267857142857142,14.285714285714302,74.55357142857143,12.5,12.946428571428573,31.69642857142857
2021-07-08,2.8029197080291968,100,0.3265175034792849,0,3,31.66023166023166,0,58.301158301158296,28.957528957528954,12.741312741312742,5.019305019305019,85.71428571428571,9.266409266409266,15.444015444015466,88.03088803088804,8.108108108108109,3.861003861003861,42.857142857142854
2021-07-16,2.2481751824817517,84.43377483443709,0.4282196766941441,0,3,26.530612244897956,0,75.51020408163265,13.77551020408163,10.714285714285714,21.428571428571427,78.57142857142857,0,6.122448979591839,83.16326530612244,5.1020408163265305,11.73469387755102,29.081632653061224
2021-08-24,3.2116788321167884,21.950331125827816,2.8690718338507653,0.7518796992481203,4,31.063829787234027,0,65.1063829787234,20.851063829787233,14.042553191489363,21.70212765957447,69.36170212765957,8.936170212765958,17.446808510638277,73.19148936170212,15.319148936170212,11.48936170212766,38.72340425531915
2021-08-31,4.02919708029197,20.612582781456954,3.773685900867145,2.2556390977443606,4,29.90033222591363,0,61.12956810631229,17.940199335548172,20.930232558139537,20.26578073089701,75.74750830564784,3.9867109634551494,24.91694352159467,81.72757475083057,5.3156146179401995,12.956810631229235,44.518272425249165
2021-09-07,5.197080291970803,15.720198675496688,3.3668772080077076,1.5037593984962405,4,38.57142857142856,0,27.142857142857142,11.428571428571429,61.42857142857143,34.285714285714285,52.85714285714286,12.857142857142856,24.28571428571428,30.714285714285715,67.14285714285714,2.142857142857143,53.57142857142857
2021-11-29,6.627737226277372,16.89817880794702,4.929879027941334,2.2556390977443606,4,39.46360153256709,0,48.275862068965516,19.157088122605366,32.56704980842912,26.436781609195403,54.78927203065134,18.773946360153257,21.455938697318008,76.62835249042146,13.409961685823754,9.961685823754788,52.10727969348659
2021-12-14,9.021897810218977,40.2317880794702,14.302537201584412,3.007518796992481,5,30.76923076923077,0,51.61290322580645,12.903225806451612,35.483870967741936,43.67245657568238,49.13151364764268,7.196029776674938,13.895781637717096,75.68238213399503,20.595533498759306,3.722084367245657,36.972704714640194
2021-12-16,9.10948905109489,48.30794701986755,21.60903543517825,3.7593984962406015,5,29.96845425867508,0,51.73501577287066,21.766561514195583,26.498422712933756,22.397476340694006,56.46687697160884,21.13564668769716,15.457413249211363,66.5615141955836,27.444794952681388,5.993690851735016,35.96214511041009
2021-12-20,12.116788321167883,65.33526490066225,35.226421154052026,3.7593984962406015,5,28.196721311475404,0,41.63934426229508,12.459016393442624,45.90163934426229,27.21311475409836,44.91803278688525,27.86885245901639,10.819672131147524,61.967213114754095,35.08196721311476,2.9508196721311477,32.131147540983605
2021-12-28,23.474452554744527,72.47682119205298,82.81233272668878,5.263157894736842,5,36.22641509433963,0,57.73584905660377,4.150943396226415,38.113207547169814,49.81132075471698,40.37735849056604,9.811320754716983,18.113207547169814,69.0566037735849,26.41509433962264,4.528301886792453,42.26415094339623
2021-12-30,31.036496350364963,70.68791390728477,100,10.526315789473683,5,29.929577464788732,0,38.732394366197184,9.859154929577464,51.40845070422535,46.12676056338028,35.563380281690144,18.30985915492958,19.01408450704226,48.59154929577465,46.12676056338028,5.28169014084507,37.32394366197183
2022-01-06,62.277372262773724,85.91970198675497,87.80644470613424,34.58646616541353,5,41.05691056910571,0,51.6260162601626,4.0650406504065035,44.3089430894309,61.382113821138205,30.48780487804878,8.130081300813007,25.609756097560993,65.85365853658537,33.33333333333333,0.8130081300813009,49.59349593495935
2022-01-18,100,94.62582781456955,27.87710095278878,59.3984962406015,5,27.753303964757713,0,37.44493392070485,13.215859030837004,49.33920704845815,48.01762114537445,35.68281938325991,16.299559471365637,16.299559471365633,57.70925110132159,37.44493392070485,4.845814977973569,34.36123348017621
2020-06-17,18.5985401459854,NA,0.6102130392891554,3.7593984962406015,1,7.038123167155431,0,41.64222873900293,39.589442815249264,18.7683284457478,17.888563049853374,44.57478005865102,37.5366568914956,14.662756598240476,70.67448680351906,18.181818181818183,11.143695014662756,21.700879765395893
2020-09-11,3.5620437956204376,NA,1.8466973557434965,0,2,35.483870967741915,0,61.935483870967744,8.38709677419355,29.677419354838708,50.32258064516129,24.516129032258064,25.161290322580644,16.774193548387082,69.6774193548387,20.64516129032258,9.67741935483871,46.45161290322581
2020-09-21,4.817518248175182,NA,2.724547692966492,1.5037593984962405,2,16.73819742489271,0,55.793991416309005,15.450643776824036,28.75536480686695,35.1931330472103,9.871244635193133,54.93562231759657,22.3175965665236,51.50214592274678,41.63090128755365,6.866952789699571,32.18884120171674
2020-09-23,5.372262773722627,NA,3.532812332726689,3.007518796992481,2,0,NA,49.09090909090909,12.727272727272727,38.18181818181819,21.818181818181817,0,78.18181818181819,30.909090909090914,32.72727272727273,67.27272727272727,0,30.909090909090907
2020-10-06,11.211678832116787,NA,5.861256824751098,9.774436090225564,2,44.15584415584416,0,58.44155844155844,0,41.55844155844156,62.33766233766234,7.792207792207792,29.87012987012987,10.389610389610388,45.45454545454545,54.54545454545454,0,54.54545454545454
2020-10-09,12.145985401459853,NA,5.679263462156086,5.263157894736842,2,42.50000000000001,0,36.25,22.5,41.25,56.25,2.5,41.25,0,33.75,53.75,12.5,42.5
2020-10-28,14.861313868613138,NA,4.972700995610748,17.293233082706767,2,25.49019607843137,0,27.450980392156865,31.372549019607842,41.17647058823529,43.13725490196079,13.725490196078432,43.13725490196079,17.647058823529417,41.17647058823529,58.82352941176471,0,29.411764705882355
2020-11-25,19.708029197080293,NA,7.6490739749491485,18.045112781954884,2,0,NA,10,0,90,80,0,20,0,20,80,0,0
2020-12-03,22.248175182481752,NA,9.153195589337331,28.57142857142857,2,27.23004694835681,0,30.51643192488263,15.492957746478872,53.990610328638496,48.82629107981221,8.450704225352112,42.72300469483568,12.676056338028163,43.66197183098591,51.173708920187785,5.164319248826291,36.15023474178404
2020-12-08,24.642335766423358,NA,9.361952681725725,29.32330827067669,2,0,NA,100,0,0,33.33333333333333,66.66666666666666,0,0,100,0,0,0
2020-12-10,25.430656934306565,NA,9.741997644791777,22.55639097744361,2,50,0,57.14285714285714,0,42.857142857142854,42.857142857142854,57.14285714285714,0,0,78.57142857142857,21.428571428571427,0,50
2021-01-29,33.956204379562045,1.2922185430463575,6.846162081147629,25.563909774436087,2,5.000000000000001,0,55.714285714285715,3.571428571428571,40.714285714285715,18.571428571428573,11.428571428571429,70,10,62.142857142857146,27.857142857142858,10,15
2021-02-09,26.8029197080292,2.4271523178807946,4.978053741569425,18.045112781954884,2,37.38317757009346,0,57.476635514018696,13.084112149532709,29.439252336448597,55.140186915887845,12.149532710280374,32.71028037383177,21.028037383177598,53.271028037383175,23.83177570093458,22.897196261682243,50
2021-02-17,21.81021897810219,1.6067880794701987,4.228669307354673,12.030075187969924,2,10.41666666666667,0,70.83333333333334,12.5,16.666666666666664,6.25,0,93.75,18.75,72.91666666666666,18.75,8.333333333333332,29.166666666666668
2021-03-16,15.532846715328466,24.575331125827816,5.636441494486672,3.7593984962406015,2,27.59643916913948,0,59.34718100890207,25.519287833827892,15.133531157270031,19.287833827893174,57.86350148367953,22.8486646884273,21.95845697329378,64.68842729970326,18.991097922848667,16.320474777448073,45.40059347181009
2021-03-24,14.481751824817518,33.69453642384106,5.524033829354459,6.015037593984962,3,0,NA,10,2.5,87.5,27.500000000000004,2.5,70,4.999999999999998,10,90,0,5
2021-04-15,19.386861313868614,63.9205298013245,8.997965956535703,4.511278195488721,3,4.938271604938271,0,77.77777777777779,7.4074074074074066,14.814814814814813,16.049382716049383,65.4320987654321,18.51851851851852,14.814814814814817,87.65432098765432,7.4074074074074066,4.938271604938271,17.28395061728395
2021-05-26,11.503649635036496,73.44205298013246,2.4140884273632377,3.007518796992481,3,4.76190476190476,0,52.38095238095239,28.57142857142857,19.047619047619047,33.33333333333333,14.285714285714285,52.38095238095239,52.38095238095239,42.857142857142854,38.095238095238095,19.047619047619047,57.14285714285714
2021-05-27,11.24087591240876,85.908940397351,2.285622524354994,2.2556390977443606,3,81.81818181818183,0,54.54545454545454,0,45.45454545454545,63.63636363636363,9.090909090909092,27.27272727272727,54.54545454545454,100,0,0,100
2021-06-10,7.124087591240875,85.87582781456953,1.0919601755700674,1.5037593984962405,3,25.96153846153846,0,49.03846153846153,22.115384615384613,28.846153846153843,72.11538461538461,27.884615384615387,0,0.9615384615384627,79.8076923076923,11.538461538461538,8.653846153846153,26.923076923076923
2021-06-11,6.627737226277372,91.19619205298012,0.8724975912643186,2.2556390977443606,3,5.555555555555557,0,31.48148148148148,64.81481481481481,3.7037037037037033,27.77777777777778,59.25925925925925,12.962962962962962,11.111111111111107,37.03703703703704,3.7037037037037033,59.25925925925925,16.666666666666664
2021-09-15,7.474452554744526,15.5182119205298,4.458837383577776,3.007518796992481,4,100,0,0,0,100,100,0,0,0,0,100,0,100
2021-09-16,7.649635036496351,17.850993377483444,4.378546194197623,1.5037593984962405,4,0,NA,75,0,25,0,75,25,0,87.5,12.5,0,0
2021-09-23,8.700729927007298,14.674668874172186,3.8539770902472967,1.5037593984962405,4,0,NA,68.51851851851852,18.51851851851852,12.962962962962962,53.70370370370371,40.74074074074074,5.555555555555555,0,62.96296296296296,18.51851851851852,18.51851851851852,0
2021-10-05,8.583941605839417,6.990066225165563,2.853013595974735,2.2556390977443606,4,0,NA,33.33333333333333,8.333333333333332,58.333333333333336,87.5,0,12.5,0,29.166666666666668,62.5,8.333333333333332,0
2021-11-03,7.036496350364964,11.07864238410596,3.425757413553153,0.7518796992481203,4,39.83050847457626,0,69.0677966101695,13.135593220338984,17.796610169491526,36.016949152542374,57.20338983050848,6.779661016949152,17.37288135593221,66.10169491525424,27.54237288135593,6.3559322033898304,48.728813559322035
2021-11-23,6.1605839416058394,5.071192052980132,4.731827427470292,3.7593984962406015,4,32.35294117647058,0,50.98039215686274,18.137254901960784,30.88235294117647,29.901960784313726,67.64705882352942,2.450980392156863,20.098039215686264,50.98039215686274,39.705882352941174,9.313725490196079,38.72549019607843
2021-12-01,6.627737226277372,22.798841059602648,6.905042286693074,3.007518796992481,4,51.470588235294116,0,44.11764705882353,20.588235294117645,35.294117647058826,33.82352941176471,50,16.176470588235293,13.235294117647062,47.05882352941176,36.76470588235294,16.176470588235293,63.23529411764706
2021-12-03,6.569343065693431,26.047185430463575,7.451022374478107,0.7518796992481203,4,4.5454545454545485,0,52.27272727272727,29.545454545454547,18.181818181818183,36.36363636363637,18.181818181818183,45.45454545454545,0,54.54545454545454,40.909090909090914,4.545454545454546,4.545454545454546
2021-12-07,7.065693430656935,23.94205298013245,8.328872711701104,3.7593984962406015,5,32.22891566265054,0,55.42168674698795,25.602409638554217,18.97590361445783,19.27710843373494,68.07228915662651,12.650602409638553,21.38554216867472,72.28915662650603,15.060240963855422,12.650602409638553,40.66265060240964
2022-02-02,76.99270072992701,39.98592715231788,18.900545980087784,25.563909774436087,5,0,NA,59.70149253731343,27.611940298507463,12.686567164179104,11.194029850746269,36.56716417910448,52.23880597014925,2.9850746268656683,66.4179104477612,23.88059701492537,9.701492537313433,2.9850746268656714
2022-03-16,30.18978102189781,4.399834437086093,8.055882667808586,11.278195488721805,5,5.291005291005284,0,77.77777777777779,11.64021164021164,10.582010582010582,24.33862433862434,51.32275132275132,24.33862433862434,21.693121693121704,76.71957671957672,11.64021164021164,11.64021164021164,24.867724867724867
